﻿{"cameraMode":{"drawMode":0,"name":"Shaded","section":"Shading Mode"},"sceneLighting":false,"audioPlay":false,"sceneViewState":{"showFog":false,"showMaterialUpdate":true,"showSkybox":false,"showFlares":false,"showImageEffects":false,"showParticleSystems":false},"in2DMode":false,"pivot":{"x":13.085933685302735,"y":-6.754022598266602,"z":4.836520195007324},"rotation":{"x":-0.0666423961520195,"y":-0.93331378698349,"z":0.24479463696479798,"w":-0.25408631563186648},"size":24.386640548706056,"orthographic":false}